{
  "tierMap": {
    "nickel": "THREE",
    "steel": "FOUR",
    "electrum": "FOUR",
    "refined_iron": "FOUR",
    "compressed_iron": "FOUR",
    "redstone_alloy": "FOUR",
    "aluminum": "THREE",
    "brass": "FOUR",
    "lead": "THREE",
    "bismuth_brass": "FOUR",
    "bronze": "FOUR",
    "bismuth_steel": "FOUR",
    "platinum": "FOUR",
    "lumium": "FOUR",
    "aluminum_steel": "FOUR",
    "enderium": "FIVE",
    "signalum": "FOUR",
    "tin": "THREE",
    "copper": "THREE",
    "invar": "FOUR",
    "silver": "THREE",
    "uranium": "FIVE",
    "zinc": "THREE",
    "bismuth": "THREE"
  }
}