{
  "soulQty": {
    "panda": 10,
    "ravager": 10,
    "fox": 10,
    "magma_cube": 10,
    "pillager": 10,
    "llama": 10,
    "bat": 10,
    "husk": 10,
    "endermite": 10,
    "cat": 10,
    "silverfish": 10,
    "drowned": 10,
    "guardian": 10,
    "dolphin": 10,
    "zombie_pigman": 10,
    "stray": 10,
    "shulker": 10,
    "villager": 10,
    "wolf": 10,
    "vex": 10,
    "polar_bear": 10,
    "horse": 10,
    "vindicator": 10,
    "phantom": 10,
    "evoker": 10,
    "mooshroom": 10,
    "witch": 10,
    "parrot": 10
  },
  "tierMap": {
    "panda": "TWO",
    "ravager": "FOUR",
    "fox": "TWO",
    "magma_cube": "FOUR",
    "pillager": "FOUR",
    "llama": "THREE",
    "bat": "TWO",
    "husk": "THREE",
    "endermite": "FOUR",
    "cat": "TWO",
    "silverfish": "THREE",
    "drowned": "THREE",
    "guardian": "THREE",
    "dolphin": "THREE",
    "zombie_pigman": "THREE",
    "stray": "THREE",
    "shulker": "FOUR",
    "villager": "FOUR",
    "wolf": "TWO",
    "vex": "THREE",
    "polar_bear": "THREE",
    "horse": "THREE",
    "vindicator": "FOUR",
    "phantom": "FOUR",
    "evoker": "FIVE",
    "mooshroom": "FOUR",
    "witch": "THREE",
    "parrot": "TWO"
  },
  "cruxMap": {
    "panda": "",
    "ravager": "",
    "fox": "",
    "magma_cube": "",
    "pillager": "",
    "llama": "",
    "bat": "",
    "husk": "",
    "endermite": "",
    "cat": "",
    "silverfish": "",
    "drowned": "",
    "guardian": "",
    "dolphin": "",
    "zombie_pigman": "",
    "stray": "",
    "shulker": "",
    "villager": "",
    "wolf": "",
    "vex": "",
    "polar_bear": "",
    "horse": "",
    "vindicator": "",
    "phantom": "",
    "evoker": "",
    "mooshroom": "",
    "witch": "",
    "parrot": ""
  }
}