{
  "cities": {
    "__readonly__": "This profile is read only and cannot be modified! If you want to make a new profile based on this then you can make a copy to a new name",
    "cityChance": 0.01,
    "cityLevel3Height": 99,
    "cityBiomeFactorDefault": 1.0,
    "cityThreshold": 0.2,
    "cityLevel0Height": 75,
    "cityMinRadius": 50,
    "cityLevel2Height": 91,
    "cityBiomeFactors": [
      "river=0",
      "frozen_river=0",
      "ocean=.7",
      "frozen_ocean=.7",
      "deep_ocean=.4"
    ],
    "cityLevel1Height": 83,
    "cityMaxRadius": 128
  },
  "structures": {
    "__readonly__": "This profile is read only and cannot be modified! If you want to make a new profile based on this then you can make a copy to a new name",
    "generateRavines": true,
    "generateMansions": true,
    "preventVillagesInCities": true,
    "generateStrongholds": true,
    "maxCaveHeight": 128,
    "generateDungeons": true,
    "generateOceanMonuments": false,
    "generateLakes": false,
    "generateCaves": true,
    "generateVillages": true,
    "generateMineshafts": true,
    "preventLakesRavinesInCities": false,
    "generateScattered": true
  },
  "client": {
    "__readonly__": "This profile is read only and cannot be modified! If you want to make a new profile based on this then you can make a copy to a new name",
    "horizon": -1.0,
    "fogDensity": -1.0,
    "fogBlue": -1.0,
    "fogRed": -1.0,
    "fogGreen": -1.0
  },
  "explosions": {
    "__readonly__": "This profile is read only and cannot be modified! If you want to make a new profile based on this then you can make a copy to a new name",
    "explosionMinHeight": 75,
    "miniExplosionChance": 0.03,
    "destroySmallSectionsSize": 50,
    "destroyLoneBlocksFactor": 0.05,
    "explosionMaxHeight": 90,
    "explosionsInCitiesOnly": true,
    "explosionMaxRadius": 35,
    "explosionMinRadius": 15,
    "miniExplosionMaxHeight": 100,
    "miniExplosionMaxRadius": 12,
    "debrisToNearbyChunkFactor": 200,
    "destroyOrMoveChance": 0.4,
    "explosionChance": 0.002,
    "miniExplosionMinRadius": 5,
    "miniExplosionMinHeight": 60
  },
  "lostcity": {
    "__readonly__": "This profile is read only and cannot be modified! If you want to make a new profile based on this then you can make a copy to a new name",
    "highwaySupports": true,
    "ruinChance": 0.5,
    "groundLevel": 71,
    "railwayStationsEnabled": true,
    "buildingChance": 0.3,
    "railwaysCanEnd": false,
    "buildingMaxFloorsChance": 6,
    "bedrockLayer": 1,
    "liquidBlock": "minecraft:water",
    "rubbleLayer": true,
    "buildingMinFloors": 0,
    "seaLevel": -1,
    "rubbleDirtScale": 2.0,
    "fountainChance": 0.05,
    "dataCenterChance": 0.1,
    "highwaySecondaryPerlinScale": 10.0,
    "spawnNotInBuilding": false,
    "bridgeSupports": true,
    "worldStyle": "standard",
    "buildingMaxFloors": 8,
    "avoidFoliage": true,
    "avoidGeneratedTrees": false,
    "buildingMinCellars": 0,
    "buildingFrontChance": 0.2,
    "baseBlock": "minecraft:stone",
    "ruinMaxlevelPercent": 0.9,
    "avoidGeneratedCactii": false,
    "avoidGeneratedFossils": false,
    "spawnBiome": "",
    "avoidWater": true,
    "building2x2Chance": 0.03,
    "railwaysEnabled": true,
    "highwayRequiresTwoCities": true,
    "avoidGeneratedGrass": false,
    "spawnCity": "",
    "avoidGeneratedMushrooms": false,
    "avoidGeneratedReeds": true,
    "randomLeafBlockChance": 0.01,
    "rubbleLeaveScale": 0.0,
    "vineChance": 0.003,
    "avoidGeneratedLakewater": true,
    "highwayLevelFromCities": 0,
    "highwayPerlinFactor": 2.0,
    "bridgeChance": 0.7,
    "ruinMinlevelPercent": 0.5,
    "buildingDoorwayChance": 0.6,
    "icon": "textures/gui/icon_wasteland.png",
    "description": "Wasteland, no water, bare land",
    "spawnSphere": "",
    "avoidGeneratedFlowers": true,
    "allowedBiomeFactors": [
      "desert=1",
      "desert_hills=1",
      "stone_beach=1",
      "dead_forest=1",
      "gravel_beach=1",
      "outback=1",
      "volcanic_island=1",
      "wasteland=.3"
    ],
    "manualBiomeMappings": [],
    "terrainFixUpperMinOffset": -1,
    "highwayDistanceMask": 7,
    "avoidGeneratedLilypads": true,
    "terrainFixUpperMaxOffset": 1,
    "generateLoot": true,
    "terrainFixLowerMaxOffset": -3,
    "biomeSelectionStrategy": "original",
    "chestWithoutLootChance": 0.2,
    "terrainFixLowerMinOffset": -4,
    "avoidGeneratedPumpkins": false,
    "extraDescription": "This profile works best with Biomes O Plenty",
    "avoidGeneratedDesertWell": false,
    "landscapeType": "default",
    "generateLighting": false,
    "libraryChance": 0.1,
    "generateSpawners": true,
    "buildingMinFloorsChance": 4,
    "buildingWithoutLootChance": 0.2,
    "railwayDungeonChance": 0.01,
    "generateNether": false,
    "parkChance": 0.2,
    "corridorChance": 0.7,
    "randomLeafBlockThickness": 2,
    "buildingMaxCellars": 3,
    "highwayMainPerlinScale": 50.0
  },
  "cityspheres": {
    "__readonly__": "This profile is read only and cannot be modified! If you want to make a new profile based on this then you can make a copy to a new name",
    "monorailOffset": -2,
    "outsideSurfaceVariation": 1.0,
    "monorailChance": 0.8,
    "citySphereFactor": 1.2,
    "singleBiome": false,
    "citySphereChance": 0.7,
    "outsideProfile": "",
    "sphereSurfaceVariation": 1.0,
    "landscapeOutside": false,
    "outsideGroundLevel": -1,
    "onlyPredefined": false
  }
}